<project xmlns="http://maven.apache.org/POM/4.0.0" xmlns:xsi="http://www.w3.org/2001/XMLSchema-instance" xsi:schemaLocation="http://maven.apache.org/POM/4.0.0 http://maven.apache.org/xsd/maven-4.0.0.xsd">
  <modelVersion>4.0.0</modelVersion>
  <parent>
    <groupId>org.talend.master.local_project</groupId>
    <artifactId>code.Master</artifactId>
    <version>6.3.0</version>
    <relativePath>./pom.xml</relativePath>
  </parent>
  <groupId>org.talend.code.local_project</groupId>
  <artifactId>routines</artifactId>
  <version>6.3.0</version>
  <name>LOCAL_PROJECT Routines</name>
  <properties>
    <talend.codes.package>routines</talend.codes.package>
  </properties>
  <dependencies>
    <dependency>
      <groupId>org.talend.libraries</groupId>
      <artifactId>log4j-1.2.16</artifactId>
      <version>6.0.0</version>
    </dependency>
    <dependency>
      <groupId>org.talend.libraries</groupId>
      <artifactId>dom4j-1.6.1</artifactId>
      <version>6.0.0</version>
    </dependency>
  </dependencies>
  <build>
    <plugins>
      <plugin>
        <artifactId>maven-clean-plugin</artifactId>
        <configuration>
          <skip>true</skip>
        </configuration>
      </plugin>
      <plugin>
        <artifactId>maven-compiler-plugin</artifactId>
        <configuration>
          <includes>
            <include>${talend.codes.package}/**/*.java</include>
          </includes>
          <testExcludes>
            <exclude>**</exclude>
          </testExcludes>
        </configuration>
      </plugin>
      <plugin>
        <artifactId>maven-jar-plugin</artifactId>
        <configuration>
          <includes>
            <include>${talend.codes.package}/**/*.class</include>
          </includes>
        </configuration>
      </plugin>
      <plugin>
        <artifactId>maven-surefire-plugin</artifactId>
        <configuration>
          <skip>true</skip>
        </configuration>
      </plugin>
    </plugins>
  </build>
</project>