[{"zipCode":"85711","occupation":"technician","gender":"M","userId":1,"age":24},{"zipCode":"94043","occupation":"other","gender":"F","userId":2,"age":53},{"zipCode":"32067","occupation":"writer","gender":"M","userId":3,"age":23},{"zipCode":"43537","occupation":"technician","gender":"M","userId":4,"age":24},{"zipCode":"15213","occupation":"other","gender":"F","userId":5,"age":33},{"zipCode":"98101","occupation":"executive","gender":"M","userId":6,"age":42},{"zipCode":"91344","occupation":"administrator","gender":"M","userId":7,"age":57},{"zipCode":"05201","occupation":"administrator","gender":"M","userId":8,"age":36},{"zipCode":"01002","occupation":"student","gender":"M","userId":9,"age":29},{"zipCode":"90703","occupation":"lawyer","gender":"M","userId":10,"age":53},{"zipCode":"30329","occupation":"other","gender":"F","userId":11,"age":39},{"zipCode":"06405","occupation":"other","gender":"F","userId":12,"age":28},{"zipCode":"29206","occupation":"educator","gender":"M","userId":13,"age":47},{"zipCode":"55106","occupation":"scientist","gender":"M","userId":14,"age":45},{"zipCode":"97301","occupation":"educator","gender":"F","userId":15,"age":49},{"zipCode":"10309","occupation":"entertainment","gender":"M","userId":16,"age":21},{"zipCode":"06355","occupation":"programmer","gender":"M","userId":17,"age":30},{"zipCode":"37212","occupation":"other","gender":"F","userId":18,"age":35},{"zipCode":"02138","occupation":"librarian","gender":"M","userId":19,"age":40},{"zipCode":"95660","occupation":"homemaker","gender":"F","userId":20,"age":42},{"zipCode":"30068","occupation":"writer","gender":"M","userId":21,"age":26},{"zipCode":"40206","occupation":"writer","gender":"M","userId":22,"age":25},{"zipCode":"48197","occupation":"artist","gender":"F","userId":23,"age":30},{"zipCode":"94533","occupation":"artist","gender":"F","userId":24,"age":21},{"zipCode":"55107","occupation":"engineer","gender":"M","userId":25,"age":39},{"zipCode":"21044","occupation":"engineer","gender":"M","userId":26,"age":49},{"zipCode":"30030","occupation":"librarian","gender":"F","userId":27,"age":40},{"zipCode":"55369","occupation":"writer","gender":"M","userId":28,"age":32},{"zipCode":"94043","occupation":"programmer","gender":"M","userId":29,"age":41},{"zipCode":"55436","occupation":"student","gender":"M","userId":30,"age":7},{"zipCode":"10003","occupation":"artist","gender":"M","userId":31,"age":24},{"zipCode":"78741","occupation":"student","gender":"F","userId":32,"age":28},{"zipCode":"27510","occupation":"student","gender":"M","userId":33,"age":23},{"zipCode":"42141","occupation":"administrator","gender":"F","userId":34,"age":38},{"zipCode":"42459","occupation":"homemaker","gender":"F","userId":35,"age":20},{"zipCode":"93117","occupation":"student","gender":"F","userId":36,"age":19},{"zipCode":"55105","occupation":"student","gender":"M","userId":37,"age":23},{"zipCode":"54467","occupation":"other","gender":"F","userId":38,"age":28},{"zipCode":"01040","occupation":"entertainment","gender":"M","userId":39,"age":41},{"zipCode":"27514","occupation":"scientist","gender":"M","userId":40,"age":38},{"zipCode":"80525","occupation":"engineer","gender":"M","userId":41,"age":33},{"zipCode":"17870","occupation":"administrator","gender":"M","userId":42,"age":30},{"zipCode":"20854","occupation":"librarian","gender":"F","userId":43,"age":29},{"zipCode":"46260","occupation":"technician","gender":"M","userId":44,"age":26},{"zipCode":"50233","occupation":"programmer","gender":"M","userId":45,"age":29},{"zipCode":"46538","occupation":"marketing","gender":"F","userId":46,"age":27},{"zipCode":"07102","occupation":"marketing","gender":"M","userId":47,"age":53},{"zipCode":"12550","occupation":"administrator","gender":"M","userId":48,"age":45},{"zipCode":"76111","occupation":"student","gender":"F","userId":49,"age":23},{"zipCode":"52245","occupation":"writer","gender":"M","userId":50,"age":21},{"zipCode":"16509","occupation":"educator","gender":"M","userId":51,"age":28},{"zipCode":"55105","occupation":"student","gender":"F","userId":52,"age":18},{"zipCode":"55414","occupation":"programmer","gender":"M","userId":53,"age":26},{"zipCode":"66315","occupation":"executive","gender":"M","userId":54,"age":22},{"zipCode":"01331","occupation":"programmer","gender":"M","userId":55,"age":37},{"zipCode":"46260","occupation":"librarian","gender":"M","userId":56,"age":25},{"zipCode":"84010","occupation":"none","gender":"M","userId":57,"age":16},{"zipCode":"52246","occupation":"programmer","gender":"M","userId":58,"age":27},{"zipCode":"08403","occupation":"educator","gender":"M","userId":59,"age":49},{"zipCode":"06472","occupation":"healthcare","gender":"M","userId":60,"age":50},{"zipCode":"30040","occupation":"engineer","gender":"M","userId":61,"age":36},{"zipCode":"97214","occupation":"administrator","gender":"F","userId":62,"age":27},{"zipCode":"75240","occupation":"marketing","gender":"M","userId":63,"age":31},{"zipCode":"43202","occupation":"educator","gender":"M","userId":64,"age":32},{"zipCode":"48118","occupation":"educator","gender":"F","userId":65,"age":51},{"zipCode":"80521","occupation":"student","gender":"M","userId":66,"age":23},{"zipCode":"60402","occupation":"student","gender":"M","userId":67,"age":17},{"zipCode":"22904","occupation":"student","gender":"M","userId":68,"age":19},{"zipCode":"55337","occupation":"engineer","gender":"M","userId":69,"age":24},{"zipCode":"60067","occupation":"engineer","gender":"M","userId":70,"age":27},{"zipCode":"98034","occupation":"scientist","gender":"M","userId":71,"age":39},{"zipCode":"73034","occupation":"administrator","gender":"F","userId":72,"age":48},{"zipCode":"41850","occupation":"student","gender":"M","userId":73,"age":24},{"zipCode":"T8H1N","occupation":"scientist","gender":"M","userId":74,"age":39},{"zipCode":"08816","occupation":"entertainment","gender":"M","userId":75,"age":24},{"zipCode":"02215","occupation":"student","gender":"M","userId":76,"age":20},{"zipCode":"29379","occupation":"technician","gender":"M","userId":77,"age":30},{"zipCode":"61801","occupation":"administrator","gender":"M","userId":78,"age":26},{"zipCode":"03755","occupation":"administrator","gender":"F","userId":79,"age":39},{"zipCode":"52241","occupation":"administrator","gender":"F","userId":80,"age":34},{"zipCode":"21218","occupation":"student","gender":"M","userId":81,"age":21},{"zipCode":"22902","occupation":"programmer","gender":"M","userId":82,"age":50},{"zipCode":"44133","occupation":"other","gender":"M","userId":83,"age":40},{"zipCode":"55369","occupation":"executive","gender":"M","userId":84,"age":32},{"zipCode":"20003","occupation":"educator","gender":"M","userId":85,"age":51},{"zipCode":"46005","occupation":"administrator","gender":"M","userId":86,"age":26},{"zipCode":"89503","occupation":"administrator","gender":"M","userId":87,"age":47},{"zipCode":"11701","occupation":"librarian","gender":"F","userId":88,"age":49},{"zipCode":"68106","occupation":"administrator","gender":"F","userId":89,"age":43},{"zipCode":"78155","occupation":"educator","gender":"M","userId":90,"age":60},{"zipCode":"01913","occupation":"marketing","gender":"M","userId":91,"age":55},{"zipCode":"80525","occupation":"entertainment","gender":"M","userId":92,"age":32},{"zipCode":"23112","occupation":"executive","gender":"M","userId":93,"age":48},{"zipCode":"71457","occupation":"student","gender":"M","userId":94,"age":26},{"zipCode":"10707","occupation":"administrator","gender":"M","userId":95,"age":31},{"zipCode":"75206","occupation":"artist","gender":"F","userId":96,"age":25},{"zipCode":"98006","occupation":"artist","gender":"M","userId":97,"age":43},{"zipCode":"90291","occupation":"executive","gender":"F","userId":98,"age":49},{"zipCode":"63129","occupation":"student","gender":"M","userId":99,"age":20},{"zipCode":"90254","occupation":"executive","gender":"M","userId":100,"age":36},{"zipCode":"05146","occupation":"student","gender":"M","userId":101,"age":15},{"zipCode":"30220","occupation":"programmer","gender":"M","userId":102,"age":38},{"zipCode":"55108","occupation":"student","gender":"M","userId":103,"age":26},{"zipCode":"55108","occupation":"student","gender":"M","userId":104,"age":27},{"zipCode":"94043","occupation":"engineer","gender":"M","userId":105,"age":24},{"zipCode":"55125","occupation":"retired","gender":"M","userId":106,"age":61},{"zipCode":"60466","occupation":"scientist","gender":"M","userId":107,"age":39},{"zipCode":"63130","occupation":"educator","gender":"M","userId":108,"age":44},{"zipCode":"55423","occupation":"other","gender":"M","userId":109,"age":29},{"zipCode":"77840","occupation":"student","gender":"M","userId":110,"age":19},{"zipCode":"90630","occupation":"engineer","gender":"M","userId":111,"age":57},{"zipCode":"60613","occupation":"salesman","gender":"M","userId":112,"age":30},{"zipCode":"95032","occupation":"executive","gender":"M","userId":113,"age":47},{"zipCode":"75013","occupation":"programmer","gender":"M","userId":114,"age":27},{"zipCode":"17110","occupation":"engineer","gender":"M","userId":115,"age":31},{"zipCode":"97232","occupation":"healthcare","gender":"M","userId":116,"age":40},{"zipCode":"16125","occupation":"student","gender":"M","userId":117,"age":20},{"zipCode":"90210","occupation":"administrator","gender":"M","userId":118,"age":21},{"zipCode":"67401","occupation":"programmer","gender":"M","userId":119,"age":32},{"zipCode":"06260","occupation":"other","gender":"F","userId":120,"age":47},{"zipCode":"99603","occupation":"librarian","gender":"M","userId":121,"age":54},{"zipCode":"22206","occupation":"writer","gender":"F","userId":122,"age":32},{"zipCode":"20008","occupation":"artist","gender":"F","userId":123,"age":48},{"zipCode":"60615","occupation":"student","gender":"M","userId":124,"age":34},{"zipCode":"22202","occupation":"lawyer","gender":"M","userId":125,"age":30},{"zipCode":"20015","occupation":"lawyer","gender":"F","userId":126,"age":28},{"zipCode":"73439","occupation":"none","gender":"M","userId":127,"age":33},{"zipCode":"20009","occupation":"marketing","gender":"F","userId":128,"age":24},{"zipCode":"07039","occupation":"marketing","gender":"F","userId":129,"age":36},{"zipCode":"60115","occupation":"none","gender":"M","userId":130,"age":20},{"zipCode":"15237","occupation":"administrator","gender":"F","userId":131,"age":59},{"zipCode":"94612","occupation":"other","gender":"M","userId":132,"age":24},{"zipCode":"78602","occupation":"engineer","gender":"M","userId":133,"age":53},{"zipCode":"80236","occupation":"programmer","gender":"M","userId":134,"age":31},{"zipCode":"38401","occupation":"student","gender":"M","userId":135,"age":23},{"zipCode":"97365","occupation":"other","gender":"M","userId":136,"age":51},{"zipCode":"84408","occupation":"educator","gender":"M","userId":137,"age":50},{"zipCode":"53211","occupation":"doctor","gender":"M","userId":138,"age":46},{"zipCode":"08904","occupation":"student","gender":"M","userId":139,"age":20},{"zipCode":"32250","occupation":"student","gender":"F","userId":140,"age":30},{"zipCode":"36117","occupation":"programmer","gender":"M","userId":141,"age":49},{"zipCode":"48118","occupation":"other","gender":"M","userId":142,"age":13},{"zipCode":"08832","occupation":"technician","gender":"M","userId":143,"age":42},{"zipCode":"20910","occupation":"programmer","gender":"M","userId":144,"age":53},{"zipCode":"V3N4P","occupation":"entertainment","gender":"M","userId":145,"age":31},{"zipCode":"83814","occupation":"artist","gender":"M","userId":146,"age":45},{"zipCode":"02143","occupation":"librarian","gender":"F","userId":147,"age":40},{"zipCode":"97006","occupation":"engineer","gender":"M","userId":148,"age":33},{"zipCode":"17325","occupation":"marketing","gender":"F","userId":149,"age":35},{"zipCode":"02139","occupation":"artist","gender":"F","userId":150,"age":20},{"zipCode":"48103","occupation":"administrator","gender":"F","userId":151,"age":38},{"zipCode":"68767","occupation":"educator","gender":"F","userId":152,"age":33},{"zipCode":"60641","occupation":"student","gender":"M","userId":153,"age":25},{"zipCode":"53703","occupation":"student","gender":"M","userId":154,"age":25},{"zipCode":"11217","occupation":"other","gender":"F","userId":155,"age":32},{"zipCode":"08360","occupation":"educator","gender":"M","userId":156,"age":25},{"zipCode":"70808","occupation":"engineer","gender":"M","userId":157,"age":57},{"zipCode":"27606","occupation":"educator","gender":"M","userId":158,"age":50},{"zipCode":"55346","occupation":"student","gender":"F","userId":159,"age":23},{"zipCode":"66215","occupation":"programmer","gender":"M","userId":160,"age":27},{"zipCode":"55104","occupation":"lawyer","gender":"M","userId":161,"age":50},{"zipCode":"15610","occupation":"artist","gender":"M","userId":162,"age":25},{"zipCode":"97212","occupation":"administrator","gender":"M","userId":163,"age":49},{"zipCode":"80123","occupation":"healthcare","gender":"M","userId":164,"age":47},{"zipCode":"53715","occupation":"other","gender":"F","userId":165,"age":20},{"zipCode":"55113","occupation":"educator","gender":"M","userId":166,"age":47},{"zipCode":"L9G2B","occupation":"other","gender":"M","userId":167,"age":37},{"zipCode":"80127","occupation":"other","gender":"M","userId":168,"age":48},{"zipCode":"53705","occupation":"other","gender":"F","userId":169,"age":52},{"zipCode":"30067","occupation":"healthcare","gender":"F","userId":170,"age":53},{"zipCode":"78750","occupation":"educator","gender":"F","userId":171,"age":48},{"zipCode":"22207","occupation":"marketing","gender":"M","userId":172,"age":55},{"zipCode":"22306","occupation":"other","gender":"M","userId":173,"age":56},{"zipCode":"52302","occupation":"administrator","gender":"F","userId":174,"age":30},{"zipCode":"21911","occupation":"scientist","gender":"F","userId":175,"age":26},{"zipCode":"07030","occupation":"scientist","gender":"M","userId":176,"age":28},{"zipCode":"19104","occupation":"programmer","gender":"M","userId":177,"age":20},{"zipCode":"49512","occupation":"other","gender":"M","userId":178,"age":26},{"zipCode":"20755","occupation":"entertainment","gender":"M","userId":179,"age":15},{"zipCode":"60202","occupation":"administrator","gender":"F","userId":180,"age":22},{"zipCode":"21218","occupation":"executive","gender":"M","userId":181,"age":26},{"zipCode":"33884","occupation":"programmer","gender":"M","userId":182,"age":36},{"zipCode":"27708","occupation":"scientist","gender":"M","userId":183,"age":33},{"zipCode":"76013","occupation":"librarian","gender":"M","userId":184,"age":37},{"zipCode":"97403","occupation":"librarian","gender":"F","userId":185,"age":53},{"zipCode":"00000","occupation":"executive","gender":"F","userId":186,"age":39},{"zipCode":"16801","occupation":"educator","gender":"M","userId":187,"age":26},{"zipCode":"29440","occupation":"student","gender":"M","userId":188,"age":42},{"zipCode":"95014","occupation":"artist","gender":"M","userId":189,"age":32},{"zipCode":"95938","occupation":"administrator","gender":"M","userId":190,"age":30},{"zipCode":"95161","occupation":"administrator","gender":"M","userId":191,"age":33},{"zipCode":"90840","occupation":"educator","gender":"M","userId":192,"age":42},{"zipCode":"49931","occupation":"student","gender":"M","userId":193,"age":29},{"zipCode":"02154","occupation":"administrator","gender":"M","userId":194,"age":38},{"zipCode":"93555","occupation":"scientist","gender":"M","userId":195,"age":42},{"zipCode":"55105","occupation":"writer","gender":"M","userId":196,"age":49},{"zipCode":"75094","occupation":"technician","gender":"M","userId":197,"age":55},{"zipCode":"55414","occupation":"student","gender":"F","userId":198,"age":21},{"zipCode":"17604","occupation":"writer","gender":"M","userId":199,"age":30},{"zipCode":"93402","occupation":"programmer","gender":"M","userId":200,"age":40},{"zipCode":"E2A4H","occupation":"writer","gender":"M","userId":201,"age":27},{"zipCode":"60201","occupation":"educator","gender":"F","userId":202,"age":41},{"zipCode":"32301","occupation":"student","gender":"F","userId":203,"age":25},{"zipCode":"10960","occupation":"librarian","gender":"F","userId":204,"age":52},{"zipCode":"06371","occupation":"lawyer","gender":"M","userId":205,"age":47},{"zipCode":"53115","occupation":"student","gender":"F","userId":206,"age":14},{"zipCode":"92037","occupation":"marketing","gender":"M","userId":207,"age":39},{"zipCode":"01720","occupation":"engineer","gender":"M","userId":208,"age":43},{"zipCode":"85710","occupation":"educator","gender":"F","userId":209,"age":33},{"zipCode":"03060","occupation":"engineer","gender":"M","userId":210,"age":39},{"zipCode":"32605","occupation":"salesman","gender":"M","userId":211,"age":66},{"zipCode":"61401","occupation":"educator","gender":"F","userId":212,"age":49},{"zipCode":"55345","occupation":"executive","gender":"M","userId":213,"age":33},{"zipCode":"11231","occupation":"librarian","gender":"F","userId":214,"age":26},{"zipCode":"63033","occupation":"programmer","gender":"M","userId":215,"age":35},{"zipCode":"02215","occupation":"engineer","gender":"M","userId":216,"age":22},{"zipCode":"11727","occupation":"other","gender":"M","userId":217,"age":22},{"zipCode":"06513","occupation":"administrator","gender":"M","userId":218,"age":37},{"zipCode":"43212","occupation":"programmer","gender":"M","userId":219,"age":32},{"zipCode":"78205","occupation":"librarian","gender":"M","userId":220,"age":30},{"zipCode":"20685","occupation":"student","gender":"M","userId":221,"age":19},{"zipCode":"27502","occupation":"programmer","gender":"M","userId":222,"age":29},{"zipCode":"47906","occupation":"student","gender":"F","userId":223,"age":19},{"zipCode":"43512","occupation":"educator","gender":"F","userId":224,"age":31},{"zipCode":"58202","occupation":"administrator","gender":"F","userId":225,"age":51},{"zipCode":"92103","occupation":"student","gender":"M","userId":226,"age":28},{"zipCode":"60659","occupation":"executive","gender":"M","userId":227,"age":46},{"zipCode":"22003","occupation":"student","gender":"F","userId":228,"age":21},{"zipCode":"22903","occupation":"librarian","gender":"F","userId":229,"age":29},{"zipCode":"14476","occupation":"student","gender":"F","userId":230,"age":28},{"zipCode":"01080","occupation":"librarian","gender":"M","userId":231,"age":48},{"zipCode":"99709","occupation":"scientist","gender":"M","userId":232,"age":45},{"zipCode":"98682","occupation":"engineer","gender":"M","userId":233,"age":38},{"zipCode":"94702","occupation":"retired","gender":"M","userId":234,"age":60},{"zipCode":"22973","occupation":"educator","gender":"M","userId":235,"age":37},{"zipCode":"53214","occupation":"writer","gender":"F","userId":236,"age":44},{"zipCode":"63146","occupation":"administrator","gender":"M","userId":237,"age":49},{"zipCode":"44124","occupation":"administrator","gender":"F","userId":238,"age":42},{"zipCode":"95628","occupation":"artist","gender":"M","userId":239,"age":39},{"zipCode":"20784","occupation":"educator","gender":"F","userId":240,"age":23},{"zipCode":"20001","occupation":"student","gender":"F","userId":241,"age":26},{"zipCode":"31404","occupation":"educator","gender":"M","userId":242,"age":33},{"zipCode":"60201","occupation":"educator","gender":"M","userId":243,"age":33},{"zipCode":"80525","occupation":"technician","gender":"M","userId":244,"age":28},{"zipCode":"55109","occupation":"student","gender":"M","userId":245,"age":22},{"zipCode":"28734","occupation":"student","gender":"M","userId":246,"age":19},{"zipCode":"20770","occupation":"engineer","gender":"M","userId":247,"age":28},{"zipCode":"37235","occupation":"student","gender":"M","userId":248,"age":25},{"zipCode":"84103","occupation":"student","gender":"M","userId":249,"age":25},{"zipCode":"95110","occupation":"executive","gender":"M","userId":250,"age":29},{"zipCode":"85032","occupation":"doctor","gender":"M","userId":251,"age":28},{"zipCode":"07733","occupation":"engineer","gender":"M","userId":252,"age":42},{"zipCode":"22903","occupation":"librarian","gender":"F","userId":253,"age":26},{"zipCode":"42647","occupation":"educator","gender":"M","userId":254,"age":44},{"zipCode":"07029","occupation":"entertainment","gender":"M","userId":255,"age":23},{"zipCode":"39042","occupation":"none","gender":"F","userId":256,"age":35},{"zipCode":"77005","occupation":"student","gender":"M","userId":257,"age":17},{"zipCode":"77801","occupation":"student","gender":"F","userId":258,"age":19},{"zipCode":"48823","occupation":"student","gender":"M","userId":259,"age":21},{"zipCode":"89801","occupation":"artist","gender":"F","userId":260,"age":40},{"zipCode":"85202","occupation":"administrator","gender":"M","userId":261,"age":28},{"zipCode":"78264","occupation":"student","gender":"F","userId":262,"age":19},{"zipCode":"55346","occupation":"programmer","gender":"M","userId":263,"age":41},{"zipCode":"90064","occupation":"writer","gender":"F","userId":264,"age":36},{"zipCode":"84601","occupation":"executive","gender":"M","userId":265,"age":26},{"zipCode":"78756","occupation":"administrator","gender":"F","userId":266,"age":62},{"zipCode":"83716","occupation":"engineer","gender":"M","userId":267,"age":23},{"zipCode":"19422","occupation":"engineer","gender":"M","userId":268,"age":24},{"zipCode":"43201","occupation":"librarian","gender":"F","userId":269,"age":31},{"zipCode":"63119","occupation":"student","gender":"F","userId":270,"age":18},{"zipCode":"22932","occupation":"engineer","gender":"M","userId":271,"age":51},{"zipCode":"53706","occupation":"scientist","gender":"M","userId":272,"age":33},{"zipCode":"10016","occupation":"other","gender":"F","userId":273,"age":50},{"zipCode":"55414","occupation":"student","gender":"F","userId":274,"age":20},{"zipCode":"92064","occupation":"engineer","gender":"M","userId":275,"age":38},{"zipCode":"95064","occupation":"student","gender":"M","userId":276,"age":21},{"zipCode":"55406","occupation":"administrator","gender":"F","userId":277,"age":35},{"zipCode":"30033","occupation":"librarian","gender":"F","userId":278,"age":37},{"zipCode":"85251","occupation":"programmer","gender":"M","userId":279,"age":33},{"zipCode":"22903","occupation":"librarian","gender":"F","userId":280,"age":30},{"zipCode":"06059","occupation":"student","gender":"F","userId":281,"age":15},{"zipCode":"20057","occupation":"administrator","gender":"M","userId":282,"age":22},{"zipCode":"55305","occupation":"programmer","gender":"M","userId":283,"age":28},{"zipCode":"92629","occupation":"executive","gender":"M","userId":284,"age":40},{"zipCode":"53713","occupation":"programmer","gender":"M","userId":285,"age":25},{"zipCode":"15217","occupation":"student","gender":"M","userId":286,"age":27},{"zipCode":"31211","occupation":"salesman","gender":"M","userId":287,"age":21},{"zipCode":"23226","occupation":"marketing","gender":"M","userId":288,"age":34},{"zipCode":"94619","occupation":"none","gender":"M","userId":289,"age":11},{"zipCode":"93550","occupation":"engineer","gender":"M","userId":290,"age":40},{"zipCode":"44106","occupation":"student","gender":"M","userId":291,"age":19},{"zipCode":"94703","occupation":"programmer","gender":"F","userId":292,"age":35},{"zipCode":"60804","occupation":"writer","gender":"M","userId":293,"age":24},{"zipCode":"92110","occupation":"technician","gender":"M","userId":294,"age":34},{"zipCode":"50325","occupation":"educator","gender":"M","userId":295,"age":31},{"zipCode":"16803","occupation":"administrator","gender":"F","userId":296,"age":43},{"zipCode":"98103","occupation":"educator","gender":"F","userId":297,"age":29},{"zipCode":"01581","occupation":"executive","gender":"M","userId":298,"age":44},{"zipCode":"63108","occupation":"doctor","gender":"M","userId":299,"age":29},{"zipCode":"55106","occupation":"programmer","gender":"F","userId":300,"age":26},{"zipCode":"55439","occupation":"student","gender":"M","userId":301,"age":24},{"zipCode":"77904","occupation":"educator","gender":"M","userId":302,"age":42},{"zipCode":"14853","occupation":"student","gender":"M","userId":303,"age":19},{"zipCode":"71701","occupation":"student","gender":"F","userId":304,"age":22},{"zipCode":"94086","occupation":"programmer","gender":"M","userId":305,"age":23},{"zipCode":"73132","occupation":"other","gender":"M","userId":306,"age":45},{"zipCode":"55454","occupation":"student","gender":"M","userId":307,"age":25},{"zipCode":"95076","occupation":"retired","gender":"M","userId":308,"age":60},{"zipCode":"70802","occupation":"scientist","gender":"M","userId":309,"age":40},{"zipCode":"91711","occupation":"educator","gender":"M","userId":310,"age":37},{"zipCode":"73071","occupation":"technician","gender":"M","userId":311,"age":32},{"zipCode":"02110","occupation":"other","gender":"M","userId":312,"age":48},{"zipCode":"60035","occupation":"marketing","gender":"M","userId":313,"age":41},{"zipCode":"08043","occupation":"student","gender":"F","userId":314,"age":20},{"zipCode":"18301","occupation":"educator","gender":"M","userId":315,"age":31},{"zipCode":"77009","occupation":"other","gender":"F","userId":316,"age":43},{"zipCode":"13210","occupation":"administrator","gender":"M","userId":317,"age":22},{"zipCode":"06518","occupation":"retired","gender":"M","userId":318,"age":65},{"zipCode":"22030","occupation":"programmer","gender":"M","userId":319,"age":38},{"zipCode":"24060","occupation":"student","gender":"M","userId":320,"age":19},{"zipCode":"55413","occupation":"educator","gender":"F","userId":321,"age":49},{"zipCode":"50613","occupation":"student","gender":"M","userId":322,"age":20},{"zipCode":"19149","occupation":"student","gender":"M","userId":323,"age":21},{"zipCode":"02176","occupation":"student","gender":"F","userId":324,"age":21},{"zipCode":"02139","occupation":"technician","gender":"M","userId":325,"age":48},{"zipCode":"15235","occupation":"administrator","gender":"M","userId":326,"age":41},{"zipCode":"11101","occupation":"student","gender":"M","userId":327,"age":22},{"zipCode":"06779","occupation":"administrator","gender":"M","userId":328,"age":51},{"zipCode":"01720","occupation":"educator","gender":"M","userId":329,"age":48},{"zipCode":"33884","occupation":"educator","gender":"F","userId":330,"age":35},{"zipCode":"91344","occupation":"entertainment","gender":"M","userId":331,"age":33},{"zipCode":"40504","occupation":"student","gender":"M","userId":332,"age":20},{"zipCode":"V0R2M","occupation":"other","gender":"M","userId":333,"age":47},{"zipCode":"30002","occupation":"librarian","gender":"M","userId":334,"age":32},{"zipCode":"33775","occupation":"executive","gender":"M","userId":335,"age":45},{"zipCode":"42101","occupation":"salesman","gender":"M","userId":336,"age":23},{"zipCode":"10522","occupation":"scientist","gender":"M","userId":337,"age":37},{"zipCode":"59717","occupation":"librarian","gender":"F","userId":338,"age":39},{"zipCode":"37901","occupation":"lawyer","gender":"M","userId":339,"age":35},{"zipCode":"80123","occupation":"engineer","gender":"M","userId":340,"age":46},{"zipCode":"44405","occupation":"student","gender":"F","userId":341,"age":17},{"zipCode":"98006","occupation":"other","gender":"F","userId":342,"age":25},{"zipCode":"30093","occupation":"engineer","gender":"M","userId":343,"age":43},{"zipCode":"94117","occupation":"librarian","gender":"F","userId":344,"age":30},{"zipCode":"94143","occupation":"librarian","gender":"F","userId":345,"age":28},{"zipCode":"76059","occupation":"other","gender":"M","userId":346,"age":34},{"zipCode":"90210","occupation":"student","gender":"M","userId":347,"age":18},{"zipCode":"45660","occupation":"student","gender":"F","userId":348,"age":24},{"zipCode":"61455","occupation":"retired","gender":"M","userId":349,"age":68},{"zipCode":"97301","occupation":"student","gender":"M","userId":350,"age":32},{"zipCode":"49938","occupation":"educator","gender":"M","userId":351,"age":61},{"zipCode":"55105","occupation":"programmer","gender":"F","userId":352,"age":37},{"zipCode":"28480","occupation":"scientist","gender":"M","userId":353,"age":25},{"zipCode":"48197","occupation":"librarian","gender":"F","userId":354,"age":29},{"zipCode":"60135","occupation":"student","gender":"M","userId":355,"age":25},{"zipCode":"92688","occupation":"homemaker","gender":"F","userId":356,"age":32},{"zipCode":"98133","occupation":"executive","gender":"M","userId":357,"age":26},{"zipCode":"10022","occupation":"educator","gender":"M","userId":358,"age":40},{"zipCode":"61801","occupation":"student","gender":"M","userId":359,"age":22},{"zipCode":"98027","occupation":"other","gender":"M","userId":360,"age":51},{"zipCode":"44074","occupation":"student","gender":"M","userId":361,"age":22},{"zipCode":"85233","occupation":"homemaker","gender":"F","userId":362,"age":35},{"zipCode":"87501","occupation":"student","gender":"M","userId":363,"age":20},{"zipCode":"01810","occupation":"engineer","gender":"M","userId":364,"age":63},{"zipCode":"20009","occupation":"lawyer","gender":"M","userId":365,"age":29},{"zipCode":"50670","occupation":"student","gender":"F","userId":366,"age":20},{"zipCode":"37411","occupation":"student","gender":"M","userId":367,"age":17},{"zipCode":"92113","occupation":"student","gender":"M","userId":368,"age":18},{"zipCode":"91335","occupation":"student","gender":"M","userId":369,"age":24},{"zipCode":"08534","occupation":"writer","gender":"M","userId":370,"age":52},{"zipCode":"99206","occupation":"engineer","gender":"M","userId":371,"age":36},{"zipCode":"66046","occupation":"student","gender":"F","userId":372,"age":25},{"zipCode":"55116","occupation":"other","gender":"F","userId":373,"age":24},{"zipCode":"78746","occupation":"executive","gender":"M","userId":374,"age":36},{"zipCode":"37777","occupation":"entertainment","gender":"M","userId":375,"age":17},{"zipCode":"10010","occupation":"other","gender":"F","userId":376,"age":28},{"zipCode":"18015","occupation":"student","gender":"M","userId":377,"age":22},{"zipCode":"02859","occupation":"student","gender":"M","userId":378,"age":35},{"zipCode":"98117","occupation":"programmer","gender":"M","userId":379,"age":44},{"zipCode":"55117","occupation":"engineer","gender":"M","userId":380,"age":32},{"zipCode":"94608","occupation":"artist","gender":"M","userId":381,"age":33},{"zipCode":"01824","occupation":"engineer","gender":"M","userId":382,"age":45},{"zipCode":"75204","occupation":"administrator","gender":"M","userId":383,"age":42},{"zipCode":"45218","occupation":"programmer","gender":"M","userId":384,"age":52},{"zipCode":"10003","occupation":"writer","gender":"M","userId":385,"age":36},{"zipCode":"43221","occupation":"salesman","gender":"M","userId":386,"age":36},{"zipCode":"37412","occupation":"entertainment","gender":"M","userId":387,"age":33},{"zipCode":"36106","occupation":"other","gender":"M","userId":388,"age":31},{"zipCode":"83702","occupation":"writer","gender":"F","userId":389,"age":44},{"zipCode":"85016","occupation":"writer","gender":"F","userId":390,"age":42},{"zipCode":"84604","occupation":"student","gender":"M","userId":391,"age":23},{"zipCode":"59801","occupation":"writer","gender":"M","userId":392,"age":52},{"zipCode":"83686","occupation":"student","gender":"M","userId":393,"age":19},{"zipCode":"96819","occupation":"administrator","gender":"M","userId":394,"age":25},{"zipCode":"44092","occupation":"other","gender":"M","userId":395,"age":43},{"zipCode":"94551","occupation":"engineer","gender":"M","userId":396,"age":57},{"zipCode":"27514","occupation":"student","gender":"M","userId":397,"age":17},{"zipCode":"60008","occupation":"other","gender":"M","userId":398,"age":40},{"zipCode":"92374","occupation":"other","gender":"M","userId":399,"age":25},{"zipCode":"78213","occupation":"administrator","gender":"F","userId":400,"age":33},{"zipCode":"84107","occupation":"healthcare","gender":"F","userId":401,"age":46},{"zipCode":"95129","occupation":"engineer","gender":"M","userId":402,"age":30},{"zipCode":"06811","occupation":"other","gender":"M","userId":403,"age":37},{"zipCode":"55108","occupation":"programmer","gender":"F","userId":404,"age":29},{"zipCode":"10019","occupation":"healthcare","gender":"F","userId":405,"age":22},{"zipCode":"93109","occupation":"educator","gender":"M","userId":406,"age":52},{"zipCode":"03261","occupation":"engineer","gender":"M","userId":407,"age":29},{"zipCode":"61755","occupation":"student","gender":"M","userId":408,"age":23},{"zipCode":"98225","occupation":"administrator","gender":"M","userId":409,"age":48},{"zipCode":"94025","occupation":"artist","gender":"F","userId":410,"age":30},{"zipCode":"44691","occupation":"educator","gender":"M","userId":411,"age":34},{"zipCode":"15222","occupation":"educator","gender":"M","userId":412,"age":25},{"zipCode":"78212","occupation":"educator","gender":"M","userId":413,"age":55},{"zipCode":"38115","occupation":"programmer","gender":"M","userId":414,"age":24},{"zipCode":"85711","occupation":"educator","gender":"M","userId":415,"age":39},{"zipCode":"92626","occupation":"student","gender":"F","userId":416,"age":20},{"zipCode":"48103","occupation":"other","gender":"F","userId":417,"age":27},{"zipCode":"21206","occupation":"none","gender":"F","userId":418,"age":55},{"zipCode":"43215","occupation":"lawyer","gender":"M","userId":419,"age":37},{"zipCode":"02140","occupation":"educator","gender":"M","userId":420,"age":53},{"zipCode":"55105","occupation":"programmer","gender":"F","userId":421,"age":38},{"zipCode":"94533","occupation":"entertainment","gender":"M","userId":422,"age":26},{"zipCode":"91606","occupation":"other","gender":"M","userId":423,"age":64},{"zipCode":"55422","occupation":"marketing","gender":"F","userId":424,"age":36},{"zipCode":"58644","occupation":"student","gender":"M","userId":425,"age":19},{"zipCode":"01602","occupation":"educator","gender":"M","userId":426,"age":55},{"zipCode":"85258","occupation":"doctor","gender":"M","userId":427,"age":51},{"zipCode":"55414","occupation":"student","gender":"M","userId":428,"age":28},{"zipCode":"29205","occupation":"student","gender":"M","userId":429,"age":27},{"zipCode":"98199","occupation":"scientist","gender":"M","userId":430,"age":38},{"zipCode":"92629","occupation":"marketing","gender":"M","userId":431,"age":24},{"zipCode":"50311","occupation":"entertainment","gender":"M","userId":432,"age":22},{"zipCode":"11211","occupation":"artist","gender":"M","userId":433,"age":27},{"zipCode":"49705","occupation":"student","gender":"F","userId":434,"age":16},{"zipCode":"60007","occupation":"engineer","gender":"M","userId":435,"age":24},{"zipCode":"17345","occupation":"administrator","gender":"F","userId":436,"age":30},{"zipCode":"20009","occupation":"other","gender":"F","userId":437,"age":27},{"zipCode":"43204","occupation":"administrator","gender":"F","userId":438,"age":51},{"zipCode":"20817","occupation":"administrator","gender":"F","userId":439,"age":23},{"zipCode":"48076","occupation":"other","gender":"M","userId":440,"age":30},{"zipCode":"55013","occupation":"technician","gender":"M","userId":441,"age":50},{"zipCode":"85282","occupation":"student","gender":"M","userId":442,"age":22},{"zipCode":"33308","occupation":"salesman","gender":"M","userId":443,"age":35},{"zipCode":"53202","occupation":"lawyer","gender":"F","userId":444,"age":51},{"zipCode":"92653","occupation":"writer","gender":"M","userId":445,"age":21},{"zipCode":"60201","occupation":"educator","gender":"M","userId":446,"age":57},{"zipCode":"55113","occupation":"administrator","gender":"M","userId":447,"age":30},{"zipCode":"10021","occupation":"entertainment","gender":"M","userId":448,"age":23},{"zipCode":"55021","occupation":"librarian","gender":"M","userId":449,"age":23},{"zipCode":"11758","occupation":"educator","gender":"F","userId":450,"age":35},{"zipCode":"48446","occupation":"student","gender":"M","userId":451,"age":16},{"zipCode":"28018","occupation":"administrator","gender":"M","userId":452,"age":35},{"zipCode":"06333","occupation":"student","gender":"M","userId":453,"age":18},{"zipCode":"97330","occupation":"other","gender":"M","userId":454,"age":57},{"zipCode":"83709","occupation":"administrator","gender":"M","userId":455,"age":48},{"zipCode":"31820","occupation":"technician","gender":"M","userId":456,"age":24},{"zipCode":"30011","occupation":"salesman","gender":"F","userId":457,"age":33},{"zipCode":"Y1A6B","occupation":"technician","gender":"M","userId":458,"age":47},{"zipCode":"29201","occupation":"student","gender":"M","userId":459,"age":22},{"zipCode":"60630","occupation":"other","gender":"F","userId":460,"age":44},{"zipCode":"98102","occupation":"student","gender":"M","userId":461,"age":15},{"zipCode":"02918","occupation":"student","gender":"F","userId":462,"age":19},{"zipCode":"75218","occupation":"healthcare","gender":"F","userId":463,"age":48},{"zipCode":"94583","occupation":"writer","gender":"M","userId":464,"age":60},{"zipCode":"05001","occupation":"other","gender":"M","userId":465,"age":32},{"zipCode":"90804","occupation":"student","gender":"M","userId":466,"age":22},{"zipCode":"91201","occupation":"engineer","gender":"M","userId":467,"age":29},{"zipCode":"02341","occupation":"engineer","gender":"M","userId":468,"age":28},{"zipCode":"78628","occupation":"educator","gender":"M","userId":469,"age":60},{"zipCode":"10021","occupation":"programmer","gender":"M","userId":470,"age":24},{"zipCode":"77459","occupation":"student","gender":"M","userId":471,"age":10},{"zipCode":"87544","occupation":"student","gender":"M","userId":472,"age":24},{"zipCode":"94708","occupation":"student","gender":"M","userId":473,"age":29},{"zipCode":"93711","occupation":"executive","gender":"M","userId":474,"age":51},{"zipCode":"75230","occupation":"programmer","gender":"M","userId":475,"age":30},{"zipCode":"60440","occupation":"student","gender":"M","userId":476,"age":28},{"zipCode":"02125","occupation":"student","gender":"F","userId":477,"age":23},{"zipCode":"10019","occupation":"other","gender":"M","userId":478,"age":29},{"zipCode":"55409","occupation":"educator","gender":"M","userId":479,"age":30},{"zipCode":"98257","occupation":"retired","gender":"M","userId":480,"age":57},{"zipCode":"37771","occupation":"retired","gender":"M","userId":481,"age":73},{"zipCode":"40256","occupation":"student","gender":"F","userId":482,"age":18},{"zipCode":"43212","occupation":"scientist","gender":"M","userId":483,"age":29},{"zipCode":"21208","occupation":"student","gender":"M","userId":484,"age":27},{"zipCode":"95821","occupation":"educator","gender":"F","userId":485,"age":44},{"zipCode":"93101","occupation":"educator","gender":"M","userId":486,"age":39},{"zipCode":"92121","occupation":"engineer","gender":"M","userId":487,"age":22},{"zipCode":"21012","occupation":"technician","gender":"M","userId":488,"age":48},{"zipCode":"45218","occupation":"other","gender":"M","userId":489,"age":55},{"zipCode":"V5A2B","occupation":"artist","gender":"F","userId":490,"age":29},{"zipCode":"53711","occupation":"writer","gender":"F","userId":491,"age":43},{"zipCode":"94618","occupation":"educator","gender":"M","userId":492,"age":57},{"zipCode":"60090","occupation":"engineer","gender":"M","userId":493,"age":22},{"zipCode":"49428","occupation":"administrator","gender":"F","userId":494,"age":38},{"zipCode":"03052","occupation":"engineer","gender":"M","userId":495,"age":29},{"zipCode":"55414","occupation":"student","gender":"F","userId":496,"age":21},{"zipCode":"50112","occupation":"student","gender":"M","userId":497,"age":20},{"zipCode":"55408","occupation":"writer","gender":"M","userId":498,"age":26},{"zipCode":"75006","occupation":"programmer","gender":"M","userId":499,"age":42},{"zipCode":"94305","occupation":"administrator","gender":"M","userId":500,"age":28},{"zipCode":"10025","occupation":"student","gender":"M","userId":501,"age":22},{"zipCode":"23092","occupation":"student","gender":"M","userId":502,"age":22},{"zipCode":"27514","occupation":"writer","gender":"F","userId":503,"age":50},{"zipCode":"92115","occupation":"writer","gender":"F","userId":504,"age":40},{"zipCode":"20657","occupation":"other","gender":"F","userId":505,"age":27},{"zipCode":"03869","occupation":"programmer","gender":"M","userId":506,"age":46},{"zipCode":"28450","occupation":"writer","gender":"F","userId":507,"age":18},{"zipCode":"19382","occupation":"marketing","gender":"M","userId":508,"age":27},{"zipCode":"10011","occupation":"administrator","gender":"M","userId":509,"age":23},{"zipCode":"98038","occupation":"other","gender":"M","userId":510,"age":34},{"zipCode":"21250","occupation":"student","gender":"M","userId":511,"age":22},{"zipCode":"20090","occupation":"other","gender":"M","userId":512,"age":29},{"zipCode":"26241","occupation":"administrator","gender":"M","userId":513,"age":43},{"zipCode":"20707","occupation":"programmer","gender":"M","userId":514,"age":27},{"zipCode":"49508","occupation":"marketing","gender":"M","userId":515,"age":53},{"zipCode":"10021","occupation":"librarian","gender":"F","userId":516,"age":53},{"zipCode":"55454","occupation":"student","gender":"M","userId":517,"age":24},{"zipCode":"99709","occupation":"writer","gender":"F","userId":518,"age":49},{"zipCode":"55320","occupation":"other","gender":"M","userId":519,"age":22},{"zipCode":"12603","occupation":"healthcare","gender":"M","userId":520,"age":62},{"zipCode":"02146","occupation":"student","gender":"M","userId":521,"age":19},{"zipCode":"55443","occupation":"engineer","gender":"M","userId":522,"age":36},{"zipCode":"04102","occupation":"administrator","gender":"F","userId":523,"age":50},{"zipCode":"02159","occupation":"educator","gender":"M","userId":524,"age":56},{"zipCode":"19711","occupation":"administrator","gender":"F","userId":525,"age":27},{"zipCode":"97124","occupation":"marketing","gender":"M","userId":526,"age":30},{"zipCode":"12180","occupation":"librarian","gender":"M","userId":527,"age":33},{"zipCode":"55104","occupation":"student","gender":"M","userId":528,"age":18},{"zipCode":"44224","occupation":"administrator","gender":"F","userId":529,"age":47},{"zipCode":"94040","occupation":"engineer","gender":"M","userId":530,"age":29},{"zipCode":"97408","occupation":"salesman","gender":"F","userId":531,"age":30},{"zipCode":"92705","occupation":"student","gender":"M","userId":532,"age":20},{"zipCode":"02324","occupation":"librarian","gender":"M","userId":533,"age":43},{"zipCode":"05464","occupation":"student","gender":"M","userId":534,"age":20},{"zipCode":"80302","occupation":"educator","gender":"F","userId":535,"age":45},{"zipCode":"30078","occupation":"engineer","gender":"M","userId":536,"age":38},{"zipCode":"22902","occupation":"engineer","gender":"M","userId":537,"age":36},{"zipCode":"21010","occupation":"scientist","gender":"M","userId":538,"age":31},{"zipCode":"80303","occupation":"administrator","gender":"F","userId":539,"age":53},{"zipCode":"91201","occupation":"engineer","gender":"M","userId":540,"age":28},{"zipCode":"84302","occupation":"student","gender":"F","userId":541,"age":19},{"zipCode":"60515","occupation":"student","gender":"M","userId":542,"age":21},{"zipCode":"95123","occupation":"scientist","gender":"M","userId":543,"age":33},{"zipCode":"29464","occupation":"other","gender":"F","userId":544,"age":44},{"zipCode":"08052","occupation":"technician","gender":"M","userId":545,"age":27},{"zipCode":"22911","occupation":"executive","gender":"M","userId":546,"age":36},{"zipCode":"14534","occupation":"educator","gender":"M","userId":547,"age":50},{"zipCode":"95468","occupation":"writer","gender":"M","userId":548,"age":51},{"zipCode":"45680","occupation":"scientist","gender":"M","userId":549,"age":42},{"zipCode":"95453","occupation":"student","gender":"F","userId":550,"age":16},{"zipCode":"55414","occupation":"programmer","gender":"M","userId":551,"age":25},{"zipCode":"68147","occupation":"other","gender":"M","userId":552,"age":45},{"zipCode":"62901","occupation":"educator","gender":"M","userId":553,"age":58},{"zipCode":"62901","occupation":"scientist","gender":"M","userId":554,"age":32},{"zipCode":"23227","occupation":"educator","gender":"F","userId":555,"age":29},{"zipCode":"30606","occupation":"educator","gender":"F","userId":556,"age":35},{"zipCode":"11217","occupation":"writer","gender":"F","userId":557,"age":30},{"zipCode":"63132","occupation":"writer","gender":"F","userId":558,"age":56},{"zipCode":"10022","occupation":"executive","gender":"M","userId":559,"age":69},{"zipCode":"10003","occupation":"student","gender":"M","userId":560,"age":32},{"zipCode":"60005","occupation":"engineer","gender":"M","userId":561,"age":23},{"zipCode":"20879","occupation":"administrator","gender":"F","userId":562,"age":54},{"zipCode":"32707","occupation":"librarian","gender":"F","userId":563,"age":39},{"zipCode":"94591","occupation":"retired","gender":"M","userId":564,"age":65},{"zipCode":"55422","occupation":"student","gender":"M","userId":565,"age":40},{"zipCode":"14627","occupation":"student","gender":"M","userId":566,"age":20},{"zipCode":"10003","occupation":"entertainment","gender":"M","userId":567,"age":24},{"zipCode":"01915","occupation":"educator","gender":"M","userId":568,"age":39},{"zipCode":"91903","occupation":"educator","gender":"M","userId":569,"age":34},{"zipCode":"14627","occupation":"educator","gender":"M","userId":570,"age":26},{"zipCode":"01945","occupation":"artist","gender":"M","userId":571,"age":34},{"zipCode":"20003","occupation":"educator","gender":"M","userId":572,"age":51},{"zipCode":"48911","occupation":"retired","gender":"M","userId":573,"age":68},{"zipCode":"53188","occupation":"educator","gender":"M","userId":574,"age":56},{"zipCode":"46032","occupation":"marketing","gender":"M","userId":575,"age":33},{"zipCode":"98281","occupation":"executive","gender":"M","userId":576,"age":48},{"zipCode":"77845","occupation":"student","gender":"F","userId":577,"age":36},{"zipCode":"M7A1A","occupation":"administrator","gender":"M","userId":578,"age":31},{"zipCode":"48103","occupation":"educator","gender":"M","userId":579,"age":32},{"zipCode":"17961","occupation":"student","gender":"M","userId":580,"age":16},{"zipCode":"94131","occupation":"other","gender":"M","userId":581,"age":37},{"zipCode":"93003","occupation":"student","gender":"M","userId":582,"age":17},{"zipCode":"29631","occupation":"engineer","gender":"M","userId":583,"age":44},{"zipCode":"27511","occupation":"student","gender":"M","userId":584,"age":25},{"zipCode":"98501","occupation":"librarian","gender":"M","userId":585,"age":69},{"zipCode":"79508","occupation":"student","gender":"M","userId":586,"age":20},{"zipCode":"14216","occupation":"other","gender":"M","userId":587,"age":26},{"zipCode":"93063","occupation":"student","gender":"F","userId":588,"age":18},{"zipCode":"90034","occupation":"lawyer","gender":"M","userId":589,"age":21},{"zipCode":"82435","occupation":"educator","gender":"M","userId":590,"age":50},{"zipCode":"92093","occupation":"librarian","gender":"F","userId":591,"age":57},{"zipCode":"97520","occupation":"student","gender":"M","userId":592,"age":18},{"zipCode":"68767","occupation":"educator","gender":"F","userId":593,"age":31},{"zipCode":"M4J2K","occupation":"educator","gender":"M","userId":594,"age":46},{"zipCode":"31909","occupation":"programmer","gender":"M","userId":595,"age":25},{"zipCode":"77073","occupation":"artist","gender":"M","userId":596,"age":20},{"zipCode":"84116","occupation":"other","gender":"M","userId":597,"age":23},{"zipCode":"43085","occupation":"marketing","gender":"F","userId":598,"age":40},{"zipCode":"R3T5K","occupation":"student","gender":"F","userId":599,"age":22},{"zipCode":"02320","occupation":"programmer","gender":"M","userId":600,"age":34},{"zipCode":"99687","occupation":"artist","gender":"F","userId":601,"age":19},{"zipCode":"34656","occupation":"other","gender":"F","userId":602,"age":47},{"zipCode":"47905","occupation":"programmer","gender":"M","userId":603,"age":21},{"zipCode":"11787","occupation":"educator","gender":"M","userId":604,"age":39},{"zipCode":"33716","occupation":"engineer","gender":"M","userId":605,"age":33},{"zipCode":"63044","occupation":"programmer","gender":"M","userId":606,"age":28},{"zipCode":"02154","occupation":"healthcare","gender":"F","userId":607,"age":49},{"zipCode":"10003","occupation":"other","gender":"M","userId":608,"age":22},{"zipCode":"55106","occupation":"student","gender":"F","userId":609,"age":13},{"zipCode":"21227","occupation":"student","gender":"M","userId":610,"age":22},{"zipCode":"77008","occupation":"librarian","gender":"M","userId":611,"age":46},{"zipCode":"79070","occupation":"educator","gender":"M","userId":612,"age":36},{"zipCode":"29678","occupation":"marketing","gender":"F","userId":613,"age":37},{"zipCode":"80227","occupation":"educator","gender":"M","userId":614,"age":54},{"zipCode":"27705","occupation":"educator","gender":"M","userId":615,"age":38},{"zipCode":"50613","occupation":"scientist","gender":"M","userId":616,"age":55},{"zipCode":"11201","occupation":"writer","gender":"F","userId":617,"age":27},{"zipCode":"44212","occupation":"student","gender":"F","userId":618,"age":15},{"zipCode":"44134","occupation":"student","gender":"M","userId":619,"age":17},{"zipCode":"81648","occupation":"writer","gender":"F","userId":620,"age":18},{"zipCode":"60402","occupation":"student","gender":"M","userId":621,"age":17},{"zipCode":"14850","occupation":"programmer","gender":"M","userId":622,"age":25},{"zipCode":"60187","occupation":"educator","gender":"F","userId":623,"age":50},{"zipCode":"30067","occupation":"student","gender":"M","userId":624,"age":19},{"zipCode":"20723","occupation":"programmer","gender":"M","userId":625,"age":27},{"zipCode":"19807","occupation":"scientist","gender":"M","userId":626,"age":23},{"zipCode":"08034","occupation":"engineer","gender":"M","userId":627,"age":24},{"zipCode":"94306","occupation":"none","gender":"M","userId":628,"age":13},{"zipCode":"44224","occupation":"other","gender":"F","userId":629,"age":46},{"zipCode":"55408","occupation":"healthcare","gender":"F","userId":630,"age":26},{"zipCode":"38866","occupation":"student","gender":"F","userId":631,"age":18},{"zipCode":"55454","occupation":"student","gender":"M","userId":632,"age":18},{"zipCode":"55414","occupation":"programmer","gender":"M","userId":633,"age":35},{"zipCode":"T8H1N","occupation":"engineer","gender":"M","userId":634,"age":39},{"zipCode":"23237","occupation":"other","gender":"M","userId":635,"age":22},{"zipCode":"48043","occupation":"educator","gender":"M","userId":636,"age":47},{"zipCode":"74101","occupation":"other","gender":"M","userId":637,"age":30},{"zipCode":"01940","occupation":"engineer","gender":"M","userId":638,"age":45},{"zipCode":"12065","occupation":"librarian","gender":"F","userId":639,"age":42},{"zipCode":"61801","occupation":"student","gender":"M","userId":640,"age":20},{"zipCode":"60626","occupation":"student","gender":"M","userId":641,"age":24},{"zipCode":"95521","occupation":"student","gender":"F","userId":642,"age":18},{"zipCode":"55122","occupation":"scientist","gender":"M","userId":643,"age":39},{"zipCode":"63645","occupation":"retired","gender":"M","userId":644,"age":51},{"zipCode":"53211","occupation":"programmer","gender":"M","userId":645,"age":27},{"zipCode":"51250","occupation":"student","gender":"F","userId":646,"age":17},{"zipCode":"45810","occupation":"educator","gender":"M","userId":647,"age":40},{"zipCode":"91351","occupation":"engineer","gender":"M","userId":648,"age":43},{"zipCode":"39762","occupation":"student","gender":"M","userId":649,"age":20},{"zipCode":"83814","occupation":"engineer","gender":"M","userId":650,"age":42},{"zipCode":"02903","occupation":"retired","gender":"M","userId":651,"age":65},{"zipCode":"22911","occupation":"other","gender":"M","userId":652,"age":35},{"zipCode":"55105","occupation":"executive","gender":"M","userId":653,"age":31},{"zipCode":"78739","occupation":"student","gender":"F","userId":654,"age":27},{"zipCode":"60657","occupation":"healthcare","gender":"F","userId":655,"age":50},{"zipCode":"10314","occupation":"educator","gender":"M","userId":656,"age":48},{"zipCode":"78704","occupation":"none","gender":"F","userId":657,"age":26},{"zipCode":"92626","occupation":"programmer","gender":"M","userId":658,"age":33},{"zipCode":"54248","occupation":"educator","gender":"M","userId":659,"age":31},{"zipCode":"77380","occupation":"student","gender":"M","userId":660,"age":26},{"zipCode":"98121","occupation":"programmer","gender":"M","userId":661,"age":28},{"zipCode":"19102","occupation":"librarian","gender":"M","userId":662,"age":55},{"zipCode":"19341","occupation":"other","gender":"M","userId":663,"age":26},{"zipCode":"94115","occupation":"engineer","gender":"M","userId":664,"age":30},{"zipCode":"55412","occupation":"administrator","gender":"M","userId":665,"age":25},{"zipCode":"61820","occupation":"administrator","gender":"M","userId":666,"age":44},{"zipCode":"01970","occupation":"librarian","gender":"M","userId":667,"age":35},{"zipCode":"10016","occupation":"writer","gender":"F","userId":668,"age":29},{"zipCode":"20009","occupation":"other","gender":"M","userId":669,"age":37},{"zipCode":"21114","occupation":"technician","gender":"M","userId":670,"age":30},{"zipCode":"91919","occupation":"programmer","gender":"M","userId":671,"age":21},{"zipCode":"90095","occupation":"administrator","gender":"F","userId":672,"age":54},{"zipCode":"22906","occupation":"educator","gender":"M","userId":673,"age":51},{"zipCode":"55337","occupation":"student","gender":"F","userId":674,"age":13},{"zipCode":"28814","occupation":"other","gender":"M","userId":675,"age":34},{"zipCode":"32712","occupation":"programmer","gender":"M","userId":676,"age":30},{"zipCode":"99835","occupation":"other","gender":"M","userId":677,"age":20},{"zipCode":"61462","occupation":"educator","gender":"M","userId":678,"age":50},{"zipCode":"54302","occupation":"student","gender":"F","userId":679,"age":20},{"zipCode":"90405","occupation":"lawyer","gender":"M","userId":680,"age":33},{"zipCode":"97208","occupation":"marketing","gender":"F","userId":681,"age":44},{"zipCode":"55128","occupation":"programmer","gender":"M","userId":682,"age":23},{"zipCode":"23509","occupation":"librarian","gender":"M","userId":683,"age":42},{"zipCode":"55414","occupation":"student","gender":"M","userId":684,"age":28},{"zipCode":"55409","occupation":"librarian","gender":"F","userId":685,"age":32},{"zipCode":"26506","occupation":"educator","gender":"M","userId":686,"age":32},{"zipCode":"27713","occupation":"healthcare","gender":"F","userId":687,"age":31},{"zipCode":"60476","occupation":"administrator","gender":"F","userId":688,"age":37},{"zipCode":"45439","occupation":"other","gender":"M","userId":689,"age":25},{"zipCode":"63304","occupation":"salesman","gender":"M","userId":690,"age":35},{"zipCode":"60089","occupation":"educator","gender":"M","userId":691,"age":34},{"zipCode":"18053","occupation":"engineer","gender":"M","userId":692,"age":34},{"zipCode":"85210","occupation":"healthcare","gender":"F","userId":693,"age":43},{"zipCode":"06365","occupation":"programmer","gender":"M","userId":694,"age":60},{"zipCode":"38115","occupation":"writer","gender":"M","userId":695,"age":26},{"zipCode":"94920","occupation":"other","gender":"M","userId":696,"age":55},{"zipCode":"77042","occupation":"other","gender":"M","userId":697,"age":25},{"zipCode":"06906","occupation":"programmer","gender":"F","userId":698,"age":28},{"zipCode":"96754","occupation":"other","gender":"M","userId":699,"age":44},{"zipCode":"76309","occupation":"student","gender":"M","userId":700,"age":17},{"zipCode":"56321","occupation":"librarian","gender":"F","userId":701,"age":51},{"zipCode":"89104","occupation":"other","gender":"M","userId":702,"age":37},{"zipCode":"49512","occupation":"educator","gender":"M","userId":703,"age":26},{"zipCode":"91105","occupation":"librarian","gender":"F","userId":704,"age":51},{"zipCode":"54494","occupation":"student","gender":"F","userId":705,"age":21},{"zipCode":"55454","occupation":"student","gender":"M","userId":706,"age":23},{"zipCode":"19146","occupation":"librarian","gender":"F","userId":707,"age":56},{"zipCode":"96349","occupation":"homemaker","gender":"F","userId":708,"age":26},{"zipCode":"N4T1A","occupation":"other","gender":"M","userId":709,"age":21},{"zipCode":"92020","occupation":"student","gender":"M","userId":710,"age":19},{"zipCode":"15203","occupation":"student","gender":"F","userId":711,"age":22},{"zipCode":"54901","occupation":"student","gender":"F","userId":712,"age":22},{"zipCode":"07204","occupation":"other","gender":"F","userId":713,"age":42},{"zipCode":"55343","occupation":"engineer","gender":"M","userId":714,"age":26},{"zipCode":"91206","occupation":"technician","gender":"M","userId":715,"age":21},{"zipCode":"44265","occupation":"administrator","gender":"F","userId":716,"age":36},{"zipCode":"84105","occupation":"technician","gender":"M","userId":717,"age":24},{"zipCode":"64118","occupation":"technician","gender":"M","userId":718,"age":42},{"zipCode":"V0R2H","occupation":"other","gender":"F","userId":719,"age":37},{"zipCode":"16506","occupation":"administrator","gender":"F","userId":720,"age":49},{"zipCode":"11238","occupation":"entertainment","gender":"F","userId":721,"age":24},{"zipCode":"17331","occupation":"homemaker","gender":"F","userId":722,"age":50},{"zipCode":"94403","occupation":"executive","gender":"M","userId":723,"age":26},{"zipCode":"40243","occupation":"executive","gender":"M","userId":724,"age":31},{"zipCode":"91711","occupation":"student","gender":"M","userId":725,"age":21},{"zipCode":"80538","occupation":"administrator","gender":"F","userId":726,"age":25},{"zipCode":"78741","occupation":"student","gender":"M","userId":727,"age":25},{"zipCode":"94306","occupation":"executive","gender":"M","userId":728,"age":58},{"zipCode":"56567","occupation":"student","gender":"M","userId":729,"age":19},{"zipCode":"32114","occupation":"scientist","gender":"F","userId":730,"age":31},{"zipCode":"70403","occupation":"educator","gender":"F","userId":731,"age":41},{"zipCode":"98405","occupation":"other","gender":"F","userId":732,"age":28},{"zipCode":"60630","occupation":"other","gender":"F","userId":733,"age":44},{"zipCode":"63108","occupation":"other","gender":"F","userId":734,"age":25},{"zipCode":"85719","occupation":"healthcare","gender":"F","userId":735,"age":29},{"zipCode":"94618","occupation":"writer","gender":"F","userId":736,"age":48},{"zipCode":"98072","occupation":"programmer","gender":"M","userId":737,"age":30},{"zipCode":"95403","occupation":"technician","gender":"M","userId":738,"age":35},{"zipCode":"73162","occupation":"technician","gender":"M","userId":739,"age":35},{"zipCode":"22206","occupation":"educator","gender":"F","userId":740,"age":25},{"zipCode":"63108","occupation":"writer","gender":"M","userId":741,"age":25},{"zipCode":"29210","occupation":"student","gender":"M","userId":742,"age":35},{"zipCode":"92660","occupation":"programmer","gender":"M","userId":743,"age":31},{"zipCode":"47024","occupation":"marketing","gender":"M","userId":744,"age":35},{"zipCode":"55113","occupation":"writer","gender":"M","userId":745,"age":42},{"zipCode":"19047","occupation":"engineer","gender":"M","userId":746,"age":25},{"zipCode":"93612","occupation":"other","gender":"M","userId":747,"age":19},{"zipCode":"94720","occupation":"administrator","gender":"M","userId":748,"age":28},{"zipCode":"80919","occupation":"other","gender":"M","userId":749,"age":33},{"zipCode":"32303","occupation":"administrator","gender":"M","userId":750,"age":28},{"zipCode":"90034","occupation":"other","gender":"F","userId":751,"age":24},{"zipCode":"21201","occupation":"retired","gender":"M","userId":752,"age":60},{"zipCode":"91206","occupation":"salesman","gender":"M","userId":753,"age":56},{"zipCode":"62901","occupation":"librarian","gender":"F","userId":754,"age":59},{"zipCode":"97007","occupation":"educator","gender":"F","userId":755,"age":44},{"zipCode":"90247","occupation":"none","gender":"F","userId":756,"age":30},{"zipCode":"55104","occupation":"student","gender":"M","userId":757,"age":26},{"zipCode":"53706","occupation":"student","gender":"M","userId":758,"age":27},{"zipCode":"68503","occupation":"student","gender":"F","userId":759,"age":20},{"zipCode":"14211","occupation":"other","gender":"F","userId":760,"age":35},{"zipCode":"97302","occupation":"student","gender":"M","userId":761,"age":17},{"zipCode":"95050","occupation":"administrator","gender":"M","userId":762,"age":32},{"zipCode":"02113","occupation":"scientist","gender":"M","userId":763,"age":27},{"zipCode":"62903","occupation":"educator","gender":"F","userId":764,"age":27},{"zipCode":"33066","occupation":"student","gender":"M","userId":765,"age":31},{"zipCode":"10960","occupation":"other","gender":"M","userId":766,"age":42},{"zipCode":"00000","occupation":"engineer","gender":"M","userId":767,"age":70},{"zipCode":"12866","occupation":"administrator","gender":"M","userId":768,"age":29},{"zipCode":"06927","occupation":"executive","gender":"M","userId":769,"age":39},{"zipCode":"14216","occupation":"student","gender":"M","userId":770,"age":28},{"zipCode":"15232","occupation":"student","gender":"M","userId":771,"age":26},{"zipCode":"27105","occupation":"writer","gender":"M","userId":772,"age":50},{"zipCode":"55414","occupation":"student","gender":"M","userId":773,"age":20},{"zipCode":"80027","occupation":"student","gender":"M","userId":774,"age":30},{"zipCode":"90036","occupation":"executive","gender":"M","userId":775,"age":46},{"zipCode":"51157","occupation":"librarian","gender":"M","userId":776,"age":30},{"zipCode":"01810","occupation":"programmer","gender":"M","userId":777,"age":63},{"zipCode":"01960","occupation":"student","gender":"M","userId":778,"age":34},{"zipCode":"K7L5J","occupation":"student","gender":"M","userId":779,"age":31},{"zipCode":"94560","occupation":"programmer","gender":"M","userId":780,"age":49},{"zipCode":"48825","occupation":"student","gender":"M","userId":781,"age":20},{"zipCode":"33205","occupation":"artist","gender":"F","userId":782,"age":21},{"zipCode":"77081","occupation":"marketing","gender":"M","userId":783,"age":30},{"zipCode":"91040","occupation":"administrator","gender":"M","userId":784,"age":47},{"zipCode":"23322","occupation":"engineer","gender":"M","userId":785,"age":32},{"zipCode":"01754","occupation":"engineer","gender":"F","userId":786,"age":36},{"zipCode":"98620","occupation":"student","gender":"F","userId":787,"age":18},{"zipCode":"05779","occupation":"administrator","gender":"M","userId":788,"age":51},{"zipCode":"55420","occupation":"other","gender":"M","userId":789,"age":29},{"zipCode":"80913","occupation":"technician","gender":"M","userId":790,"age":27},{"zipCode":"20064","occupation":"educator","gender":"M","userId":791,"age":31},{"zipCode":"12205","occupation":"programmer","gender":"M","userId":792,"age":40},{"zipCode":"85281","occupation":"student","gender":"M","userId":793,"age":22},{"zipCode":"57197","occupation":"educator","gender":"M","userId":794,"age":32},{"zipCode":"08610","occupation":"programmer","gender":"M","userId":795,"age":30},{"zipCode":"33755","occupation":"writer","gender":"F","userId":796,"age":32},{"zipCode":"62522","occupation":"other","gender":"F","userId":797,"age":44},{"zipCode":"64131","occupation":"writer","gender":"F","userId":798,"age":40},{"zipCode":"19716","occupation":"administrator","gender":"F","userId":799,"age":49},{"zipCode":"55337","occupation":"programmer","gender":"M","userId":800,"age":25},{"zipCode":"92154","occupation":"writer","gender":"M","userId":801,"age":22},{"zipCode":"34105","occupation":"administrator","gender":"M","userId":802,"age":35},{"zipCode":"78212","occupation":"administrator","gender":"M","userId":803,"age":70},{"zipCode":"61820","occupation":"educator","gender":"M","userId":804,"age":39},{"zipCode":"20009","occupation":"other","gender":"F","userId":805,"age":27},{"zipCode":"11217","occupation":"marketing","gender":"M","userId":806,"age":27},{"zipCode":"93555","occupation":"healthcare","gender":"F","userId":807,"age":41},{"zipCode":"90016","occupation":"salesman","gender":"M","userId":808,"age":45},{"zipCode":"30803","occupation":"marketing","gender":"F","userId":809,"age":50},{"zipCode":"80526","occupation":"other","gender":"F","userId":810,"age":55},{"zipCode":"73013","occupation":"educator","gender":"F","userId":811,"age":40},{"zipCode":"76234","occupation":"technician","gender":"M","userId":812,"age":22},{"zipCode":"02136","occupation":"student","gender":"F","userId":813,"age":14},{"zipCode":"12345","occupation":"other","gender":"M","userId":814,"age":30},{"zipCode":"28806","occupation":"other","gender":"M","userId":815,"age":32},{"zipCode":"20755","occupation":"other","gender":"M","userId":816,"age":34},{"zipCode":"60152","occupation":"student","gender":"M","userId":817,"age":19},{"zipCode":"27514","occupation":"librarian","gender":"M","userId":818,"age":28},{"zipCode":"40205","occupation":"administrator","gender":"M","userId":819,"age":59},{"zipCode":"37725","occupation":"student","gender":"M","userId":820,"age":22},{"zipCode":"77845","occupation":"engineer","gender":"M","userId":821,"age":37},{"zipCode":"53144","occupation":"librarian","gender":"F","userId":822,"age":29},{"zipCode":"50322","occupation":"artist","gender":"M","userId":823,"age":27},{"zipCode":"15017","occupation":"other","gender":"M","userId":824,"age":31},{"zipCode":"05452","occupation":"engineer","gender":"M","userId":825,"age":44},{"zipCode":"77048","occupation":"artist","gender":"M","userId":826,"age":28},{"zipCode":"80228","occupation":"engineer","gender":"F","userId":827,"age":23},{"zipCode":"85282","occupation":"librarian","gender":"M","userId":828,"age":28},{"zipCode":"80209","occupation":"writer","gender":"M","userId":829,"age":48},{"zipCode":"53066","occupation":"programmer","gender":"M","userId":830,"age":46},{"zipCode":"33765","occupation":"other","gender":"M","userId":831,"age":21},{"zipCode":"77042","occupation":"technician","gender":"M","userId":832,"age":24},{"zipCode":"90019","occupation":"writer","gender":"M","userId":833,"age":34},{"zipCode":"64153","occupation":"other","gender":"M","userId":834,"age":26},{"zipCode":"11577","occupation":"executive","gender":"F","userId":835,"age":44},{"zipCode":"10018","occupation":"artist","gender":"M","userId":836,"age":44},{"zipCode":"55409","occupation":"artist","gender":"F","userId":837,"age":36},{"zipCode":"01375","occupation":"student","gender":"M","userId":838,"age":23},{"zipCode":"90814","occupation":"entertainment","gender":"F","userId":839,"age":38},{"zipCode":"55406","occupation":"artist","gender":"M","userId":840,"age":39},{"zipCode":"47401","occupation":"doctor","gender":"M","userId":841,"age":45},{"zipCode":"93055","occupation":"writer","gender":"M","userId":842,"age":40},{"zipCode":"44212","occupation":"librarian","gender":"M","userId":843,"age":35},{"zipCode":"95662","occupation":"engineer","gender":"M","userId":844,"age":22},{"zipCode":"97405","occupation":"doctor","gender":"M","userId":845,"age":64},{"zipCode":"47130","occupation":"lawyer","gender":"M","userId":846,"age":27},{"zipCode":"55417","occupation":"student","gender":"M","userId":847,"age":29},{"zipCode":"02146","occupation":"engineer","gender":"M","userId":848,"age":46},{"zipCode":"25652","occupation":"student","gender":"F","userId":849,"age":15},{"zipCode":"78390","occupation":"technician","gender":"M","userId":850,"age":34},{"zipCode":"29646","occupation":"other","gender":"M","userId":851,"age":18},{"zipCode":"94086","occupation":"administrator","gender":"M","userId":852,"age":46},{"zipCode":"40515","occupation":"writer","gender":"M","userId":853,"age":49},{"zipCode":"55408","occupation":"student","gender":"F","userId":854,"age":29},{"zipCode":"04988","occupation":"librarian","gender":"M","userId":855,"age":53},{"zipCode":"97215","occupation":"marketing","gender":"F","userId":856,"age":43},{"zipCode":"V1G4L","occupation":"administrator","gender":"F","userId":857,"age":35},{"zipCode":"09645","occupation":"educator","gender":"M","userId":858,"age":63},{"zipCode":"06492","occupation":"other","gender":"F","userId":859,"age":18},{"zipCode":"48322","occupation":"retired","gender":"F","userId":860,"age":70},{"zipCode":"14085","occupation":"student","gender":"F","userId":861,"age":38},{"zipCode":"13820","occupation":"executive","gender":"M","userId":862,"age":25},{"zipCode":"60089","occupation":"student","gender":"M","userId":863,"age":17},{"zipCode":"63021","occupation":"programmer","gender":"M","userId":864,"age":27},{"zipCode":"11231","occupation":"artist","gender":"M","userId":865,"age":25},{"zipCode":"60302","occupation":"other","gender":"M","userId":866,"age":45},{"zipCode":"92507","occupation":"scientist","gender":"M","userId":867,"age":24},{"zipCode":"55303","occupation":"programmer","gender":"M","userId":868,"age":21},{"zipCode":"10025","occupation":"student","gender":"M","userId":869,"age":30},{"zipCode":"65203","occupation":"student","gender":"M","userId":870,"age":22},{"zipCode":"44648","occupation":"executive","gender":"M","userId":871,"age":31},{"zipCode":"74078","occupation":"student","gender":"F","userId":872,"age":19},{"zipCode":"33763","occupation":"administrator","gender":"F","userId":873,"age":48},{"zipCode":"37076","occupation":"scientist","gender":"M","userId":874,"age":36},{"zipCode":"35802","occupation":"student","gender":"F","userId":875,"age":24},{"zipCode":"20902","occupation":"other","gender":"M","userId":876,"age":41},{"zipCode":"77504","occupation":"other","gender":"M","userId":877,"age":30},{"zipCode":"98027","occupation":"educator","gender":"F","userId":878,"age":50},{"zipCode":"55337","occupation":"administrator","gender":"F","userId":879,"age":33},{"zipCode":"83702","occupation":"student","gender":"M","userId":880,"age":13},{"zipCode":"43017","occupation":"marketing","gender":"M","userId":881,"age":39},{"zipCode":"40503","occupation":"engineer","gender":"M","userId":882,"age":35},{"zipCode":"50266","occupation":"librarian","gender":"M","userId":883,"age":49},{"zipCode":"55337","occupation":"engineer","gender":"M","userId":884,"age":44},{"zipCode":"95316","occupation":"other","gender":"F","userId":885,"age":30},{"zipCode":"61820","occupation":"student","gender":"M","userId":886,"age":20},{"zipCode":"27249","occupation":"student","gender":"F","userId":887,"age":14},{"zipCode":"17036","occupation":"scientist","gender":"M","userId":888,"age":41},{"zipCode":"78704","occupation":"technician","gender":"M","userId":889,"age":24},{"zipCode":"97301","occupation":"student","gender":"M","userId":890,"age":32},{"zipCode":"03062","occupation":"administrator","gender":"F","userId":891,"age":51},{"zipCode":"45243","occupation":"other","gender":"M","userId":892,"age":36},{"zipCode":"95823","occupation":"student","gender":"M","userId":893,"age":25},{"zipCode":"74075","occupation":"educator","gender":"M","userId":894,"age":47},{"zipCode":"32301","occupation":"librarian","gender":"F","userId":895,"age":31},{"zipCode":"91505","occupation":"writer","gender":"M","userId":896,"age":28},{"zipCode":"33484","occupation":"other","gender":"M","userId":897,"age":30},{"zipCode":"61755","occupation":"homemaker","gender":"M","userId":898,"age":23},{"zipCode":"55116","occupation":"other","gender":"M","userId":899,"age":32},{"zipCode":"18505","occupation":"retired","gender":"M","userId":900,"age":60},{"zipCode":"L1V3W","occupation":"executive","gender":"M","userId":901,"age":38},{"zipCode":"97203","occupation":"artist","gender":"F","userId":902,"age":45},{"zipCode":"20850","occupation":"educator","gender":"M","userId":903,"age":28},{"zipCode":"61073","occupation":"student","gender":"F","userId":904,"age":17},{"zipCode":"30350","occupation":"other","gender":"M","userId":905,"age":27},{"zipCode":"70124","occupation":"librarian","gender":"M","userId":906,"age":45},{"zipCode":"80526","occupation":"other","gender":"F","userId":907,"age":25},{"zipCode":"68504","occupation":"librarian","gender":"F","userId":908,"age":44},{"zipCode":"53171","occupation":"educator","gender":"F","userId":909,"age":50},{"zipCode":"29301","occupation":"healthcare","gender":"M","userId":910,"age":28},{"zipCode":"53210","occupation":"writer","gender":"F","userId":911,"age":37},{"zipCode":"06512","occupation":"other","gender":"M","userId":912,"age":51},{"zipCode":"76201","occupation":"student","gender":"M","userId":913,"age":27},{"zipCode":"08105","occupation":"other","gender":"F","userId":914,"age":44},{"zipCode":"60614","occupation":"entertainment","gender":"M","userId":915,"age":50},{"zipCode":"N2L5N","occupation":"engineer","gender":"M","userId":916,"age":27},{"zipCode":"20006","occupation":"student","gender":"F","userId":917,"age":22},{"zipCode":"70116","occupation":"scientist","gender":"M","userId":918,"age":40},{"zipCode":"14216","occupation":"other","gender":"M","userId":919,"age":25},{"zipCode":"90008","occupation":"artist","gender":"F","userId":920,"age":30},{"zipCode":"98801","occupation":"student","gender":"F","userId":921,"age":20},{"zipCode":"21114","occupation":"administrator","gender":"F","userId":922,"age":29},{"zipCode":"E2E3R","occupation":"student","gender":"M","userId":923,"age":21},{"zipCode":"11753","occupation":"other","gender":"M","userId":924,"age":29},{"zipCode":"49036","occupation":"salesman","gender":"F","userId":925,"age":18},{"zipCode":"01701","occupation":"entertainment","gender":"M","userId":926,"age":49},{"zipCode":"55428","occupation":"programmer","gender":"M","userId":927,"age":23},{"zipCode":"55408","occupation":"student","gender":"M","userId":928,"age":21},{"zipCode":"53711","occupation":"scientist","gender":"M","userId":929,"age":44},{"zipCode":"07310","occupation":"scientist","gender":"F","userId":930,"age":28},{"zipCode":"33556","occupation":"educator","gender":"M","userId":931,"age":60},{"zipCode":"06437","occupation":"educator","gender":"M","userId":932,"age":58},{"zipCode":"48105","occupation":"student","gender":"M","userId":933,"age":28},{"zipCode":"22902","occupation":"engineer","gender":"M","userId":934,"age":61},{"zipCode":"66221","occupation":"doctor","gender":"M","userId":935,"age":42},{"zipCode":"32789","occupation":"other","gender":"M","userId":936,"age":24},{"zipCode":"98072","occupation":"educator","gender":"M","userId":937,"age":48},{"zipCode":"55038","occupation":"technician","gender":"F","userId":938,"age":38},{"zipCode":"33319","occupation":"student","gender":"F","userId":939,"age":26},{"zipCode":"02215","occupation":"administrator","gender":"M","userId":940,"age":32},{"zipCode":"97229","occupation":"student","gender":"M","userId":941,"age":20},{"zipCode":"78209","occupation":"librarian","gender":"F","userId":942,"age":48},{"zipCode":"77841","occupation":"student","gender":"M","userId":943,"age":22}]